
INSERT INTO BOOKING (FROMDATE,TODATE,BOOKINGCREATED, EARLIESTCHECKINTIME, ID,CUSTOMER_CUSTOMERNO,HOTEL_ID,ROOMCATEGORY_ID,LOCK_FLAG) VALUES 
('2006-04-01','2006-04-10','2006-01-01 23:03:20','14:00:00',2,1000248,2,4,NULL),
('2006-04-10','2006-04-17','2006-01-02 00:03:20','14:00:00',4,1000248,2,4,NULL),
('2006-04-10','2006-04-13','2006-01-03 01:03:20','14:00:00',2006074,1000248,2,4,NULL),
('2006-05-13','2006-05-20','2006-01-04 02:03:20','14:00:00',2006075,1000248,8,4,NULL),
('2006-10-10','2006-10-13','2006-01-05 03:03:20','14:00:00',2006076,1000248,2,4,NULL),
('2006-04-15','2006-04-20','2006-01-06 04:03:20','14:00:00',2006077,1000248,2,4,NULL),
('2006-03-10','2006-03-17','2006-01-07 05:03:20','14:00:00',2006078,1000248,11,4,NULL),
('2006-03-20','2006-03-30','2006-01-08 06:03:20','14:00:00',2006079,1000248,2,4,NULL),
('2006-03-20','2006-03-23','2006-01-09 07:03:20','14:00:00',2006080,1000248,2,4,NULL),
('2006-03-17','2006-03-20','2006-01-10 08:03:20','14:00:00',2006081,1000248,2,4,NULL),
('2006-04-10','2006-04-20','2006-01-11 09:03:20','14:00:00',2006082,1000248,11,4,NULL),
('2006-04-12','2006-04-13','2006-01-12 10:03:20','14:00:00',2006083,1000248,2,4,NULL),
('2006-04-12','2006-04-13','2006-01-13 11:03:20','14:00:00',2006084,1000248,2,4,NULL),
('2006-05-10','2006-05-13','2006-01-14 12:03:20','14:00:00',2006085,1000248,2,4,NULL),
('2006-05-01','2006-05-10','2006-01-15 13:03:20','14:00:00',2006086,1000248,2,4,NULL),
('2006-05-10','2006-05-12','2006-01-16 14:03:20','14:00:00',2006087,1000248,2,4,NULL),
('2006-05-13','2006-05-15','2006-01-17 15:03:20','14:00:00',2006088,1000248,2,4,NULL),
('2006-05-13','2006-05-15','2006-01-18 16:03:20','14:00:00',2006089,1000248,2,4,NULL),
('2006-05-10','2006-05-13','2006-01-19 17:03:20','14:00:00',2006090,1000248,2,4,NULL),
('2006-05-20','2006-05-25','2006-01-20 18:03:20','14:00:00',2006091,1000248,2,4,NULL),
('2006-05-20','2006-05-22','2006-01-21 19:03:20','14:00:00',2006092,1000248,1,4,NULL),
('2006-05-20','2006-05-22','2006-01-22 20:03:20','14:00:00',2006093,1000313,2,4,NULL),
('2006-05-20','2006-05-22','2006-01-23 21:03:20','14:00:00',2006094,1000314,2,4,NULL),
('2006-05-20','2006-05-22','2006-01-24 22:03:20','14:00:00',2006095,1000248,2,4,NULL),
('2006-05-20','2006-05-22','2006-01-25 23:03:20','14:00:00',2006096,1000248,2,4,NULL),
('2006-05-20','2006-05-22','2006-01-26 00:03:20','14:00:00',2006097,1000315,2,4,NULL),
('2006-06-02','2006-06-04','2006-01-27 01:03:20','14:00:00',2006098,1000316,8,4,NULL),
('2006-06-02','2006-06-10','2006-01-28 02:03:20','14:00:00',2006099,1000317,8,4,NULL),
('2006-06-10','2006-06-13','2006-01-29 03:03:20','14:00:00',2006100,1000318,2,4,NULL),
('2006-06-15','2006-06-18','2006-04-16 04:03:20','14:00:00',2006101,1000319,4,4,NULL),
('2006-12-10','2006-12-23','2006-04-17 05:03:20','14:00:00',2006102,1000321,2,4,NULL),
('2006-10-12','2006-10-20','2006-04-18 06:03:20','14:00:00',2006103,1000322,13,4,NULL),
('2006-10-13','2006-10-13','2006-04-19 07:03:20','14:00:00',2006104,1000234,13,4,NULL),
('2007-05-12','2007-05-13','2007-05-10 08:03:20','14:00:00',2006105,1000234,14,4,NULL),
('2007-10-20','2007-10-22','2007-08-15 09:03:20','14:00:00',2006106,1000234,15,4,NULL),
('2007-10-20','2007-10-24','2007-08-16 10:03:20','14:00:00',2006107,1000234,6,4,NULL),
('2007-10-23','2007-10-27','2007-08-17 11:03:20','14:00:00',2006108,1000234,2,4,NULL),
('2007-01-01','2007-01-01','2006-08-18 12:03:20','14:00:00',2007573,1000234,12,4,NULL),
('2007-12-12','2007-12-14','2007-08-19 13:03:20','14:00:00',2007574,1000234,2,4,NULL),
('2007-12-12','2007-12-14','2007-08-20 14:03:20','14:00:00',2007575,1000234,15,4,NULL),
('2007-12-12','2007-12-14','2007-08-21 15:03:20','14:00:00',2007576,1000234,15,4,NULL),
('2007-11-10','2007-11-12','2007-08-22 16:03:20','14:00:00',2007577,1000234,15,4,NULL),
('2007-11-12','2007-11-13','2007-08-23 17:03:20','14:00:00',2007578,1000234,15,4,NULL),
('2007-11-10','2007-11-12','2007-08-24 18:03:20','14:00:00',2007579,1000234,15,2,NULL),
('2007-11-12','2007-11-25','2007-08-25 19:03:20','14:00:00',2007580,1000234,15,2,NULL),
('2007-11-10','2007-11-20','2007-08-26 20:03:20','14:00:00',2007581,1000234,15,2,NULL),
('2008-07-10','2008-07-12','2008-06-25 21:03:20','14:00:00',2007582,1000235,5,2,NULL),
('2008-07-10','2008-07-13','2008-06-26 22:03:20','14:00:00',2007583,1000234,2,2,NULL),
('2008-07-15','2008-07-20','2008-06-27 23:03:20','14:00:00',2007584,1000234,2,2,NULL),
('2008-08-10','2008-08-08','2008-06-28 00:03:20','14:00:00',2007585,1000234,2,2,NULL),
('2009-02-14','2009-02-15','2009-01-01 01:03:20','14:00:00',2007587,1000234,11,3,NULL),
('2009-02-10','2009-02-13','2009-01-02 02:03:20','14:00:00',2009001,1000234,8,2,NULL),
('2009-02-15','2009-02-16','2009-01-03 03:03:20','14:00:00',2009002,1000234,15,1,NULL),
('2009-04-10','2009-04-12','2009-01-04 04:03:20','14:00:00',2009003,1000234,4,3,NULL),
('2010-04-10','2010-04-12','2010-03-13 05:03:20','14:00:00',2009004,1000234,2,3,NULL),
('2010-04-10','2010-04-12','2010-03-14 06:03:20','14:00:00',2009005,1000234,2,3,NULL),
('2010-04-10','2010-04-12','2010-03-15 07:03:20','14:00:00',2009006,1000234,2,3,NULL),
('2010-04-10','2010-04-12','2010-03-16 08:03:20','14:00:00',2009007,1000234,2,3,NULL),
('2010-05-15','2010-05-18','2010-03-17 09:03:20','14:00:00',2009009,1000234,4,3,NULL),
('2010-05-15','2010-05-18','2010-03-18 10:03:20','14:00:00',2009010,1000234,4,3,NULL),
('2010-05-15','2010-05-18','2010-03-19 11:03:20','14:00:00',2009011,1000234,4,3,NULL),
('2010-05-15','2010-05-18','2010-03-20 12:03:20','14:00:00',2009012,1000234,4,3,NULL),
('2010-05-15','2010-05-18','2010-03-21 13:03:20','14:00:00',2009013,1000234,4,3,NULL),
('2010-05-15','2010-05-18','2010-03-22 14:03:20','14:00:00',2009014,1000234,4,3,NULL),
('2010-07-12','2010-07-14','2010-03-23 15:03:20','14:00:00',2009015,1000234,2,2,NULL),
('2010-07-15','2010-07-17','2010-03-24 16:03:20','14:00:00',2009016,1000234,2,2,NULL),
('2010-07-15','2010-07-17','2010-03-25 17:03:20','14:00:00',2009017,1000234,2,2,NULL),
('2010-07-15','2010-07-17','2010-03-26 18:03:20','14:00:00',2009018,1000234,2,2,NULL),
('2010-12-02','2010-12-04','2010-03-27 19:03:20','14:00:00',2009020,1000234,4,3,NULL),
('2010-11-25','2010-11-27','2010-03-28 20:03:20','14:00:00',2010241,1000234,2,3,NULL),
('2010-11-25','2010-11-26','2010-03-29 21:03:20','14:00:00',2010372,1000234,4,3,NULL),
('2010-11-28','2010-11-30','2010-03-30 22:03:20','14:00:00',2010373,1000234,1,3,NULL);

INSERT INTO CUSTOMER (CREDITCARD,CUSTOMERNO,EMAIL,NAME,PASSWORD,PHONE,LOCK_FLAG) VALUES 
(NULL,1000234,'robert.gibson@gmail.com','Robert Gibson',NULL,'+47 11 12 13 14',NULL),
(NULL,1000235,'toby.baxter@inmeta.no','Toby Baxter',NULL,'+47 11 12 13 14',NULL),
(NULL,1000236,'harley.doyle@yahoo.com','Harley Doyle',NULL,'98765432',NULL),
(NULL,1000237,'jordan.anderson@crayon.com','Jordan Anderson',NULL,'+47 11 12 13 14',NULL),
(NULL,1000238,'esito@crayon.com','Esito',NULL,'+47 11 12 13 14',NULL),
(NULL,1000239,'louie.andrews@crayon.com','Louie Andrews',NULL,'+47 11 12 13 14',NULL),
(NULL,1000240,'brecken.mercer@crayon.com','Brecken Mercer',NULL,'+47 11 12 13 14',NULL),
(NULL,1000241,'jens.barth@esito.no','Jens Barth',NULL,'+47 11 12 13 14',NULL),
(NULL,1000242,'hudson.gould@esito.no','Hudson Gould',NULL,'+47 11 12 13 14',NULL),
(NULL,1000243,NULL,NULL,NULL,NULL,NULL),
(NULL,1000244,'zaiden.mcconnell@crayon.com','Zaiden Mcconnell',NULL,'+47 11 12 13 14',NULL),
(NULL,1000245,'elian.harvey@crayon.com','Elian Harvey',NULL,'',NULL),
(NULL,1000246,'pernille.groth@crayon.com','Pernille Groth',NULL,'+47 11 12 13 14',NULL),
(NULL,1000247,'rory.mckinney@inmeta.no','Rory Mckinney',NULL,'+47 11 12 13 14',NULL),
(NULL,1000248,'franky.riggs@crayon.com','Franky Riggs',NULL,'1234',NULL),
(NULL,1000303,'chris.richard@msn.com','Chris Richard',NULL,'34535',NULL),
(NULL,1000304,'carmen.williams@inmeta.no','Carmen Williams',NULL,'5432871',NULL),
(NULL,1000305,'kris.william@esito.no','Kris William',NULL,'42389',NULL),
(NULL,1000306,'justice.levine@crayon.com','Justice Levine',NULL,'543289',NULL),
(NULL,1000307,'denny.riley@msn.com','Denny Riley',NULL,'43729',NULL),
(NULL,1000308,'raylee.hart@yahoo.com','Raylee Hart',NULL,'89776',NULL),
(NULL,1000309,'casey.stewart@gmail.com','Casey Stewart',NULL,'63815',NULL),
(NULL,1000310,'nicky.powell@msn.com','Nicky Powell',NULL,'678',NULL),
(NULL,1000311,'jo.foster@crayon.com','Jo Foster',NULL,'123',NULL),
(NULL,1000312,'jess.pearce@msn.com','Jess Pearce',NULL,'1234',NULL),
(NULL,1000313,'eli.jones@inmeta.no','Eli Jones',NULL,'123456',NULL),
(NULL,1000314,'brook.wilson@esito.no','Brook Wilson',NULL,'123',NULL),
(NULL,1000315,'danny.palmer@inmeta.no','Danny Palmer',NULL,'123',NULL),
(NULL,1000316,'erin.king@gmail.com','Erin King',NULL,'931212121212',NULL),
(NULL,1000317,'erin.miranda@crayon.com','Erin Miranda',NULL,'988793178293',NULL),
(NULL,1000318,'aaren.copeland@crayon.com','Aaren Copeland',NULL,'121212121212',NULL),
(NULL,1000319,'drew.mays@crayon.com','Drew Mays',NULL,'847916',NULL),
(NULL,1000321,'gene.morin@crayon.com','Gene Morin',NULL,'nei',NULL),
(NULL,1000322,'terry.stark@crayon.com','Terry Stark',NULL,'123456',NULL),
(NULL,1000323,'jess.richardson@msn.com','Jess Richardson',NULL,'free',NULL);

INSERT INTO HOTEL (ID,LOCATION,LOGO,NAME,CHAIN_ID,LOCK_FLAG) VALUES 
(1,'Waterside meact','Logo1','Antique Canyon Hotel',1,NULL),
(2,'West kainnict','Logo2','Ivory Refuge Hotel & Spa',1,NULL),
(3,'South tasiob','Logo3','Historic Heritage Resort & Spa',1,NULL),
(4,'Andebu','Logo4','Sunny Jungle Resort & Spa',1,NULL),
(5,'Waterside gramict','Logo5','Sunny Ribbon Resort',1,NULL),
(6,'Bergen','Logo6','DeLuxor',1,NULL),
(7,'Tronheim','Logo7','Da Hood',1,NULL),
(8,'Nuword Garden','Logo8','Royal Ocean Hotel',1,NULL),
(9,'Cunnic Center','Logo9','Grand Hotel',1,NULL),
(10,'Lillehammer','Logo10','Prism Hotel',1,NULL),
(11,'Sandvika','Logo11','The House of Dilbert',1,NULL),
(12,'Feered West','Logo12','Grand Resort',1,NULL),
(13,'Oslo','Logo13','Cloud Hotel',1,NULL),
(14,'Midtown buwan','Logo14','Mellow Panorama Hotel',2,NULL),
(15,'Little drud','Logo16','Emerald Hotel',0,NULL);

INSERT INTO HOTELCHAIN (NAME,ID,LOCK_FLAG) VALUES 
('The Hotels',0,NULL),
('Supra enigma',1,NULL),
('NULL Hotel',2,NULL);

INSERT INTO HOTELROOMCATEGORY (ACTUALPRICE,FROMDATE,TODATE,HOTEL_ID,ROOMCATEGORY_ID,LOCK_FLAG) VALUES 
(NULL,'2005-10-15',NULL,1,1,NULL),
(NULL,'2005-10-15',NULL,1,2,NULL),
(NULL,'2005-10-15',NULL,1,3,NULL),
(NULL,'2005-10-15',NULL,1,4,NULL),
(NULL,'2005-10-15',NULL,1,5,NULL),
(NULL,'2005-10-15',NULL,1,6,NULL),
(NULL,'2005-10-15',NULL,1,7,NULL),
(NULL,'2005-10-15',NULL,1,8,NULL),
(NULL,'2005-10-15',NULL,1,9,NULL),
(NULL,'2005-10-15',NULL,1,10,NULL),
(NULL,'2005-10-15',NULL,1,11,NULL),
(NULL,'2005-10-15',NULL,1,12,NULL),
(NULL,'2005-10-15',NULL,2,1,NULL),
(NULL,'2005-10-15',NULL,2,2,NULL),
(NULL,'2005-10-15',NULL,2,3,NULL),
(NULL,'2005-10-15',NULL,2,4,NULL),
(NULL,'2005-10-15',NULL,2,5,NULL),
(NULL,'2005-10-15',NULL,2,6,NULL),
(NULL,'2005-10-15',NULL,2,7,NULL),
(NULL,'2005-10-15',NULL,2,8,NULL),
(NULL,'2005-10-15',NULL,2,9,NULL),
(NULL,'2005-10-15',NULL,2,10,NULL),
(NULL,'2005-10-15',NULL,2,11,NULL),
(NULL,'2005-10-15',NULL,2,12,NULL),
(NULL,'2005-10-15',NULL,3,1,NULL),
(NULL,'2005-10-15',NULL,3,2,NULL),
(NULL,'2005-10-15',NULL,3,3,NULL),
(NULL,'2005-10-15',NULL,3,4,NULL),
(NULL,'2005-10-15',NULL,3,5,NULL),
(NULL,'2005-10-15',NULL,3,6,NULL),
(NULL,'2005-10-15',NULL,3,7,NULL),
(NULL,'2005-10-15',NULL,3,8,NULL),
(NULL,'2005-10-15',NULL,3,9,NULL),
(NULL,'2005-10-15',NULL,3,10,NULL),
(NULL,'2005-10-15',NULL,3,11,NULL),
(NULL,'2005-10-15',NULL,3,12,NULL),
(NULL,'2005-10-15',NULL,4,1,NULL),
(NULL,'2005-10-15',NULL,4,2,NULL),
(NULL,'2005-10-15',NULL,4,3,NULL),
(NULL,'2005-10-15',NULL,4,4,NULL),
(NULL,'2005-10-15',NULL,4,5,NULL),
(NULL,'2005-10-15',NULL,4,6,NULL),
(NULL,'2005-10-15',NULL,4,7,NULL),
(NULL,'2005-10-15',NULL,4,8,NULL),
(NULL,'2005-10-15',NULL,4,9,NULL),
(NULL,'2005-10-15',NULL,4,10,NULL),
(NULL,'2005-10-15',NULL,4,11,NULL),
(NULL,'2005-10-15',NULL,4,12,NULL),
(NULL,'2005-10-15',NULL,5,1,NULL),
(NULL,'2005-10-15',NULL,5,2,NULL),
(NULL,'2005-10-15',NULL,5,3,NULL),
(NULL,'2005-10-15',NULL,5,4,NULL),
(NULL,'2005-10-15',NULL,5,5,NULL),
(NULL,'2005-10-15',NULL,5,6,NULL),
(NULL,'2005-10-15',NULL,5,7,NULL),
(NULL,'2005-10-15',NULL,5,8,NULL),
(NULL,'2005-10-15',NULL,5,9,NULL),
(NULL,'2005-10-15',NULL,5,10,NULL),
(NULL,'2005-10-15',NULL,5,11,NULL),
(NULL,'2005-10-15',NULL,5,12,NULL),
(NULL,'2005-10-15',NULL,6,1,NULL),
(NULL,'2005-10-15',NULL,6,2,NULL),
(NULL,'2005-10-15',NULL,6,3,NULL),
(NULL,'2005-10-15',NULL,6,4,NULL),
(NULL,'2005-10-15',NULL,6,5,NULL),
(NULL,'2005-10-15',NULL,6,6,NULL),
(NULL,'2005-10-15',NULL,6,7,NULL),
(NULL,'2005-10-15',NULL,6,8,NULL),
(NULL,'2005-10-15',NULL,6,9,NULL),
(NULL,'2005-10-15',NULL,6,10,NULL),
(NULL,'2005-10-15',NULL,6,11,NULL),
(NULL,'2005-10-15',NULL,6,12,NULL),
(NULL,'2005-10-15',NULL,7,1,NULL),
(NULL,'2005-10-15',NULL,7,2,NULL),
(NULL,'2005-10-15',NULL,7,3,NULL),
(NULL,'2005-10-15',NULL,7,4,NULL),
(NULL,'2005-10-15',NULL,7,5,NULL),
(NULL,'2005-10-15',NULL,7,6,NULL),
(NULL,'2005-10-15',NULL,7,7,NULL),
(NULL,'2005-10-15',NULL,7,8,NULL),
(NULL,'2005-10-15',NULL,7,9,NULL),
(NULL,'2005-10-15',NULL,7,10,NULL),
(NULL,'2005-10-15',NULL,7,11,NULL),
(NULL,'2005-10-15',NULL,7,12,NULL),
(NULL,'2005-10-15',NULL,8,1,NULL),
(NULL,'2005-10-15',NULL,8,2,NULL),
(NULL,'2005-10-15',NULL,8,3,NULL),
(NULL,'2005-10-15',NULL,8,4,NULL),
(NULL,'2005-10-15',NULL,8,5,NULL),
(NULL,'2005-10-15',NULL,8,6,NULL),
(NULL,'2005-10-15',NULL,8,7,NULL),
(NULL,'2005-10-15',NULL,8,8,NULL),
(NULL,'2005-10-15',NULL,8,9,NULL),
(NULL,'2005-10-15',NULL,8,10,NULL),
(NULL,'2005-10-15',NULL,8,11,NULL),
(NULL,'2005-10-15',NULL,8,12,NULL),
(NULL,'2005-10-15',NULL,9,1,NULL),
(NULL,'2005-10-15',NULL,9,2,NULL),
(NULL,'2005-10-15',NULL,9,3,NULL),
(NULL,'2005-10-15',NULL,9,4,NULL);
INSERT INTO HOTELROOMCATEGORY (ACTUALPRICE,FROMDATE,TODATE,HOTEL_ID,ROOMCATEGORY_ID,LOCK_FLAG) VALUES 
(NULL,'2005-10-15',NULL,9,5,NULL),
(NULL,'2005-10-15',NULL,9,6,NULL),
(NULL,'2005-10-15',NULL,9,7,NULL),
(NULL,'2005-10-15',NULL,9,8,NULL),
(NULL,'2005-10-15',NULL,9,9,NULL),
(NULL,'2005-10-15',NULL,9,10,NULL),
(NULL,'2005-10-15',NULL,9,11,NULL),
(NULL,'2005-10-15',NULL,9,12,NULL),
(NULL,'2005-10-15',NULL,10,1,NULL),
(NULL,'2005-10-15',NULL,10,2,NULL),
(NULL,'2005-10-15',NULL,10,3,NULL),
(NULL,'2005-10-15',NULL,10,4,NULL),
(NULL,'2005-10-15',NULL,10,5,NULL),
(NULL,'2005-10-15',NULL,10,6,NULL),
(NULL,'2005-10-15',NULL,10,7,NULL),
(NULL,'2005-10-15',NULL,10,8,NULL),
(NULL,'2005-10-15',NULL,10,9,NULL),
(NULL,'2005-10-15',NULL,10,10,NULL),
(NULL,'2005-10-15',NULL,10,11,NULL),
(NULL,'2005-10-15',NULL,10,12,NULL),
(NULL,'2005-10-15',NULL,11,1,NULL),
(NULL,'2005-10-15',NULL,11,2,NULL),
(NULL,'2005-10-15',NULL,11,3,NULL),
(NULL,'2005-10-15',NULL,11,4,NULL),
(NULL,'2005-10-15',NULL,11,5,NULL),
(NULL,'2005-10-15',NULL,11,6,NULL),
(NULL,'2005-10-15',NULL,11,7,NULL),
(NULL,'2005-10-15',NULL,11,8,NULL),
(NULL,'2005-10-15',NULL,11,9,NULL),
(NULL,'2005-10-15',NULL,11,10,NULL),
(NULL,'2005-10-15',NULL,11,11,NULL),
(NULL,'2005-10-15',NULL,11,12,NULL),
(NULL,'2005-10-15',NULL,12,1,NULL),
(NULL,'2005-10-15',NULL,12,2,NULL),
(NULL,'2005-10-15',NULL,12,3,NULL),
(NULL,'2005-10-15',NULL,12,4,NULL),
(NULL,'2005-10-15',NULL,12,5,NULL),
(NULL,'2005-10-15',NULL,12,6,NULL),
(NULL,'2005-10-15',NULL,12,7,NULL),
(NULL,'2005-10-15',NULL,12,8,NULL),
(NULL,'2005-10-15',NULL,12,9,NULL),
(NULL,'2005-10-15',NULL,12,10,NULL),
(NULL,'2005-10-15',NULL,12,11,NULL),
(NULL,'2005-10-15',NULL,12,12,NULL),
(NULL,'2005-10-15',NULL,13,1,NULL),
(NULL,'2005-10-15',NULL,13,2,NULL),
(NULL,'2005-10-15',NULL,13,3,NULL),
(NULL,'2005-10-15',NULL,13,4,NULL),
(NULL,'2005-10-15',NULL,13,5,NULL),
(NULL,'2005-10-15',NULL,13,6,NULL),
(NULL,'2005-10-15',NULL,13,7,NULL),
(NULL,'2005-10-15',NULL,13,8,NULL),
(NULL,'2005-10-15',NULL,13,9,NULL),
(NULL,'2005-10-15',NULL,13,10,NULL),
(NULL,'2005-10-15',NULL,13,11,NULL),
(NULL,'2005-10-15',NULL,13,12,NULL),
(NULL,'2005-10-15',NULL,14,1,NULL),
(NULL,'2005-10-15',NULL,14,2,NULL),
(NULL,'2005-10-15',NULL,14,3,NULL),
(NULL,'2005-10-15',NULL,14,4,NULL),
(NULL,'2005-10-15',NULL,14,5,NULL),
(NULL,'2005-10-15',NULL,14,6,NULL),
(NULL,'2005-10-15',NULL,14,7,NULL),
(NULL,'2005-10-15',NULL,14,8,NULL),
(NULL,'2005-10-15',NULL,14,9,NULL),
(NULL,'2005-10-15',NULL,14,10,NULL),
(NULL,'2005-10-15',NULL,14,11,NULL),
(NULL,'2005-10-15',NULL,14,12,NULL),
(NULL,'2005-10-15',NULL,15,1,NULL),
(NULL,'2005-10-15',NULL,15,2,NULL),
(NULL,'2005-10-15',NULL,15,3,NULL),
(NULL,'2005-10-15',NULL,15,4,NULL),
(NULL,'2005-10-15',NULL,15,5,NULL),
(NULL,'2005-10-15',NULL,15,6,NULL),
(NULL,'2005-10-15',NULL,15,7,NULL),
(NULL,'2005-10-15',NULL,15,8,NULL),
(NULL,'2005-10-15',NULL,15,9,NULL),
(NULL,'2005-10-15',NULL,15,10,NULL),
(NULL,'2005-10-15',NULL,15,11,NULL),
(NULL,'2005-10-15',NULL,15,12,NULL);

INSERT INTO ADDRESS (HOMEADDRESS,POSTALCODE,ID,CUSTOMER_CUSTOMERNO,LOCK_FLAG) VALUES 
('Winter Passage 23',1234,1,1000234,NULL),
('Lawn Lane 32',1235,2,1000235,NULL),
('Pearl Lane 102',4236,3,1000236,NULL),
('Bliss Street 3',3237,4,1000241,NULL),
('Serenity Passage 19',3238,5,1000242,NULL),
('Fortune Street 94',1239,6,1000245,NULL),
('New Castle Lane 2',1240,7,1000246,NULL),
('Fair Avenue 7',4241,8,1000248,NULL),
('Medieval Boulevard',1618,9,1000303,NULL),
('Arcade Lane',0,10,1000304,NULL),
('Arctic Street 34',34,11,1000238,NULL),
('Poplar Avenue',2234,12,1000237,NULL);

INSERT INTO ROOM (ROOMNO,FLOOR,BALCONY,HEADING,ID,CATEGORY_ID,HOTEL_ID,LOCK_FLAG) VALUES 
(101,1,1,1,1,1,1,NULL),
(102,1,1,2,2,2,1,NULL),
(103,1,1,3,3,2,1,NULL),
(104,1,0,4,4,4,1,NULL),
(105,1,0,1,5,2,1,NULL),
(106,1,0,2,6,4,1,NULL),
(107,1,1,3,7,6,1,NULL),
(108,1,1,4,8,3,1,NULL),
(109,1,1,1,9,7,1,NULL),
(110,1,0,2,10,1,1,NULL),
(201,2,0,3,11,2,1,NULL),
(202,2,0,4,12,2,1,NULL),
(203,2,1,1,13,2,1,NULL),
(204,2,1,2,14,5,1,NULL),
(205,2,1,3,15,4,1,NULL),
(206,2,0,4,16,7,1,NULL),
(207,2,0,1,17,9,1,NULL),
(208,2,0,2,18,2,1,NULL),
(209,2,1,3,19,3,1,NULL),
(210,2,1,4,20,4,1,NULL),
(301,3,1,1,21,6,1,NULL),
(302,3,0,2,22,12,1,NULL),
(303,3,0,3,23,11,1,NULL),
(304,3,0,4,24,10,1,NULL),
(305,3,1,1,25,4,1,NULL),
(306,3,1,2,26,3,1,NULL),
(307,3,1,3,27,8,1,NULL),
(308,3,0,4,28,9,1,NULL),
(309,3,0,1,29,5,1,NULL),
(310,3,0,2,30,6,1,NULL),
(101,1,1,1,31,1,2,NULL),
(102,1,1,2,32,2,2,NULL),
(103,1,1,3,33,2,2,NULL),
(104,1,0,4,34,4,2,NULL),
(105,1,0,1,35,2,2,NULL),
(106,1,0,2,36,4,2,NULL),
(107,1,1,3,37,6,2,NULL),
(108,1,1,4,38,3,2,NULL),
(109,1,1,1,39,7,2,NULL),
(110,1,0,2,40,1,2,NULL),
(201,2,0,3,41,2,2,NULL),
(202,2,0,4,42,2,2,NULL),
(203,2,1,1,43,2,2,NULL),
(204,2,1,2,44,5,2,NULL),
(205,2,1,3,45,4,2,NULL),
(206,2,0,4,46,7,2,NULL),
(207,2,0,1,47,9,2,NULL),
(208,2,0,2,48,2,2,NULL),
(209,2,1,3,49,3,2,NULL),
(210,2,1,4,50,4,2,NULL),
(301,3,1,1,51,6,2,NULL),
(302,3,0,2,52,12,2,NULL),
(303,3,0,3,53,11,2,NULL),
(304,3,0,4,54,10,2,NULL),
(305,3,1,1,55,4,2,NULL),
(306,3,1,2,56,3,2,NULL),
(307,3,1,3,57,8,2,NULL),
(308,3,0,4,58,9,2,NULL),
(309,3,0,1,59,5,2,NULL),
(310,3,0,2,60,6,2,NULL),
(101,1,1,1,61,1,3,NULL),
(102,1,1,2,62,2,3,NULL),
(103,1,1,3,63,2,3,NULL),
(104,1,0,4,64,4,3,NULL),
(105,1,0,1,65,2,3,NULL),
(106,1,0,2,66,4,3,NULL),
(107,1,1,3,67,6,3,NULL),
(108,1,1,4,68,3,3,NULL),
(109,1,1,1,69,7,3,NULL),
(110,1,0,2,70,1,3,NULL),
(201,2,0,3,71,2,3,NULL),
(202,2,0,4,72,2,3,NULL),
(203,2,1,1,73,2,3,NULL),
(204,2,1,2,74,5,3,NULL),
(205,2,1,3,75,4,3,NULL),
(206,2,0,4,76,7,3,NULL),
(207,2,0,1,77,9,3,NULL),
(208,2,0,2,78,2,3,NULL),
(209,2,1,3,79,3,3,NULL),
(210,2,1,4,80,4,3,NULL),
(301,3,1,1,81,6,3,NULL),
(302,3,0,2,82,12,3,NULL),
(303,3,0,3,83,11,3,NULL),
(304,3,0,4,84,10,3,NULL),
(305,3,1,1,85,4,3,NULL),
(306,3,1,2,86,3,3,NULL),
(307,3,1,3,87,8,3,NULL),
(308,3,0,4,88,9,3,NULL),
(309,3,0,1,89,5,3,NULL),
(310,3,0,2,90,6,3,NULL),
(101,1,1,1,91,1,4,NULL),
(102,1,1,2,92,2,4,NULL),
(103,1,1,3,93,2,4,NULL),
(104,1,0,4,94,4,4,NULL),
(105,1,0,1,95,2,4,NULL),
(106,1,0,2,96,4,4,NULL),
(107,1,1,3,97,6,4,NULL),
(108,1,1,4,98,3,4,NULL),
(109,1,1,1,99,7,4,NULL),
(110,1,0,2,100,1,4,NULL);
INSERT INTO ROOM (ROOMNO,FLOOR,BALCONY,HEADING,ID,CATEGORY_ID,HOTEL_ID,LOCK_FLAG) VALUES 
(201,2,0,3,101,2,4,NULL),
(202,2,0,4,102,2,4,NULL),
(203,2,1,1,103,2,4,NULL),
(204,2,1,2,104,5,4,NULL),
(205,2,1,3,105,4,4,NULL),
(206,2,0,4,106,7,4,NULL),
(207,2,0,1,107,9,4,NULL),
(208,2,0,2,108,2,4,NULL),
(209,2,1,3,109,3,4,NULL),
(210,2,1,4,110,4,4,NULL),
(301,3,1,1,111,6,4,NULL),
(302,3,0,2,112,12,4,NULL),
(303,3,0,3,113,11,4,NULL),
(304,3,0,4,114,10,4,NULL),
(305,3,1,1,115,4,4,NULL),
(306,3,1,2,116,3,4,NULL),
(307,3,1,3,117,8,4,NULL),
(308,3,0,4,118,9,4,NULL),
(309,3,0,1,119,5,4,NULL),
(310,3,0,2,120,6,4,NULL),
(101,1,1,1,121,1,5,NULL),
(102,1,1,2,122,2,5,NULL),
(103,1,1,3,123,2,5,NULL),
(104,1,0,4,124,4,5,NULL),
(105,1,0,1,125,2,5,NULL),
(106,1,0,2,126,4,5,NULL),
(107,1,1,3,127,6,5,NULL),
(108,1,1,4,128,3,5,NULL),
(109,1,1,1,129,7,5,NULL),
(110,1,0,2,130,1,5,NULL),
(201,2,0,3,131,2,5,NULL),
(202,2,0,4,132,2,5,NULL),
(203,2,1,1,133,2,5,NULL),
(204,2,1,2,134,5,5,NULL),
(205,2,1,3,135,4,5,NULL),
(206,2,0,4,136,7,5,NULL),
(207,2,0,1,137,9,5,NULL),
(208,2,0,2,138,2,5,NULL),
(209,2,1,3,139,3,5,NULL),
(210,2,1,4,140,4,5,NULL),
(301,3,1,1,141,6,5,NULL),
(302,3,0,2,142,12,5,NULL),
(303,3,0,3,143,11,5,NULL),
(304,3,0,4,144,10,5,NULL),
(305,3,1,1,145,4,5,NULL),
(306,3,1,2,146,3,5,NULL),
(307,3,1,3,147,8,5,NULL),
(308,3,0,4,148,9,5,NULL),
(309,3,0,1,149,5,5,NULL),
(310,3,0,2,150,6,6,NULL),
(101,1,1,1,151,1,6,NULL),
(102,1,1,2,152,2,6,NULL),
(103,1,1,3,153,2,6,NULL),
(104,1,0,4,154,4,6,NULL),
(105,1,0,1,155,2,6,NULL),
(106,1,0,2,156,4,6,NULL),
(107,1,1,3,157,6,6,NULL),
(108,1,1,4,158,3,6,NULL),
(109,1,1,1,159,7,6,NULL),
(110,1,0,2,160,1,6,NULL),
(201,2,0,3,161,2,6,NULL),
(202,2,0,4,162,2,6,NULL),
(203,2,1,1,163,2,6,NULL),
(204,2,1,2,164,5,6,NULL),
(205,2,1,3,165,4,6,NULL),
(206,2,0,4,166,7,6,NULL),
(207,2,0,1,167,9,6,NULL),
(208,2,0,2,168,2,6,NULL),
(209,2,1,3,169,3,6,NULL),
(210,2,1,4,170,4,6,NULL),
(301,3,1,1,171,6,6,NULL),
(302,3,0,2,172,12,6,NULL),
(303,3,0,3,173,11,6,NULL),
(304,3,0,4,174,10,6,NULL),
(305,3,1,1,175,4,6,NULL),
(306,3,1,2,176,3,6,NULL),
(307,3,1,3,177,8,6,NULL),
(308,3,0,4,178,9,6,NULL),
(309,3,0,1,179,5,6,NULL),
(310,3,0,2,180,6,7,NULL),
(101,1,1,1,181,1,7,NULL),
(102,1,1,2,182,2,7,NULL),
(103,1,1,3,183,2,7,NULL),
(104,1,0,4,184,4,7,NULL),
(105,1,0,1,185,2,7,NULL),
(106,1,0,2,186,4,7,NULL),
(107,1,1,3,187,6,7,NULL),
(108,1,1,4,188,3,7,NULL),
(109,1,1,1,189,7,7,NULL),
(110,1,0,2,190,1,7,NULL),
(201,2,0,3,191,2,7,NULL),
(202,2,0,4,192,2,7,NULL),
(203,2,1,1,193,2,7,NULL),
(204,2,1,2,194,5,7,NULL),
(205,2,1,3,195,4,7,NULL),
(206,2,0,4,196,7,7,NULL),
(207,2,0,1,197,9,7,NULL),
(208,2,0,2,198,2,7,NULL),
(209,2,1,3,199,3,7,NULL),
(210,2,1,4,200,4,7,NULL);
INSERT INTO ROOM (ROOMNO,FLOOR,BALCONY,HEADING,ID,CATEGORY_ID,HOTEL_ID,LOCK_FLAG) VALUES 
(301,3,1,1,201,6,7,NULL),
(302,3,0,2,202,12,7,NULL),
(303,3,0,3,203,11,7,NULL),
(304,3,0,4,204,10,7,NULL),
(305,3,1,1,205,4,7,NULL),
(306,3,1,2,206,3,7,NULL),
(307,3,1,3,207,8,7,NULL),
(308,3,0,4,208,9,7,NULL),
(309,3,0,1,209,5,7,NULL),
(310,3,0,2,210,6,7,NULL),
(101,1,1,1,211,1,8,NULL),
(102,1,1,2,212,2,8,NULL),
(103,1,1,3,213,2,8,NULL),
(104,1,0,4,214,4,8,NULL),
(105,1,0,1,215,2,8,NULL),
(106,1,0,2,216,4,8,NULL),
(107,1,1,3,217,6,8,NULL),
(108,1,1,4,218,3,8,NULL),
(109,1,1,1,219,7,8,NULL),
(110,1,0,2,220,1,8,NULL),
(201,2,0,3,221,2,8,NULL),
(202,2,0,4,222,2,8,NULL),
(203,2,1,1,223,2,8,NULL),
(204,2,1,2,224,5,8,NULL),
(205,2,1,3,225,4,8,NULL),
(206,2,0,4,226,7,8,NULL),
(207,2,0,1,227,9,8,NULL),
(208,2,0,2,228,2,8,NULL),
(209,2,1,3,229,3,8,NULL),
(210,2,1,4,230,4,8,NULL),
(301,3,1,1,231,6,8,NULL),
(302,3,0,2,232,12,8,NULL),
(303,3,0,3,233,11,8,NULL),
(304,3,0,4,234,10,8,NULL),
(305,3,1,1,235,4,8,NULL),
(306,3,1,2,236,3,8,NULL),
(307,3,1,3,237,8,8,NULL),
(308,3,0,4,238,9,8,NULL),
(309,3,0,1,239,5,8,NULL),
(310,3,0,2,240,6,8,NULL),
(101,1,1,1,241,1,9,NULL),
(102,1,1,2,242,2,9,NULL),
(103,1,1,3,243,2,9,NULL),
(104,1,0,4,244,4,9,NULL),
(105,1,0,1,245,2,9,NULL),
(106,1,0,2,246,4,9,NULL),
(107,1,1,3,247,6,9,NULL),
(108,1,1,4,248,3,9,NULL),
(109,1,1,1,249,7,9,NULL),
(110,1,0,2,250,1,9,NULL),
(201,2,0,3,251,2,9,NULL),
(202,2,0,4,252,2,9,NULL),
(203,2,1,1,253,2,9,NULL),
(204,2,1,2,254,5,9,NULL),
(205,2,1,3,255,4,9,NULL),
(206,2,0,4,256,7,9,NULL),
(207,2,0,1,257,9,9,NULL),
(208,2,0,2,258,2,9,NULL),
(209,2,1,3,259,3,9,NULL),
(210,2,1,4,260,4,9,NULL),
(301,3,1,1,261,6,9,NULL),
(302,3,0,2,262,12,9,NULL),
(303,3,0,3,263,11,9,NULL),
(304,3,0,4,264,10,9,NULL),
(305,3,1,1,265,4,9,NULL),
(306,3,1,2,266,3,9,NULL),
(307,3,1,3,267,8,9,NULL),
(308,3,0,4,268,9,9,NULL),
(309,3,0,1,269,5,9,NULL),
(310,3,0,2,270,6,9,NULL),
(101,1,1,1,271,1,10,NULL),
(102,1,1,2,272,2,10,NULL),
(103,1,1,3,273,2,10,NULL),
(104,1,0,4,274,4,10,NULL),
(105,1,0,1,275,2,10,NULL),
(106,1,0,2,276,4,10,NULL),
(107,1,1,3,277,6,10,NULL),
(108,1,1,4,278,3,10,NULL),
(109,1,1,1,279,7,10,NULL),
(110,1,0,2,280,1,10,NULL),
(201,2,0,3,281,2,10,NULL),
(202,2,0,4,282,2,10,NULL),
(203,2,1,1,283,2,10,NULL),
(204,2,1,2,284,5,10,NULL),
(205,2,1,3,285,4,10,NULL),
(206,2,0,4,286,7,10,NULL),
(207,2,0,1,287,9,10,NULL),
(208,2,0,2,288,2,10,NULL),
(209,2,1,3,289,3,10,NULL),
(210,2,1,4,290,4,10,NULL),
(301,3,1,1,291,6,10,NULL),
(302,3,0,2,292,12,10,NULL),
(303,3,0,3,293,11,10,NULL),
(304,3,0,4,294,10,10,NULL),
(305,3,1,1,295,4,10,NULL),
(306,3,1,2,296,3,10,NULL),
(307,3,1,3,297,8,10,NULL),
(308,3,0,4,298,9,10,NULL),
(309,3,0,1,299,5,10,NULL),
(310,3,0,2,300,6,10,NULL);
INSERT INTO ROOM (ROOMNO,FLOOR,BALCONY,HEADING,ID,CATEGORY_ID,HOTEL_ID,LOCK_FLAG) VALUES 
(101,1,1,1,301,1,11,NULL),
(102,1,1,2,302,2,11,NULL),
(103,1,1,3,303,2,11,NULL),
(104,1,0,4,304,4,11,NULL),
(105,1,0,1,305,2,11,NULL),
(106,1,0,2,306,4,11,NULL),
(107,1,1,3,307,6,11,NULL),
(108,1,1,4,308,3,11,NULL),
(109,1,1,1,309,7,11,NULL),
(110,1,0,2,310,1,11,NULL),
(201,2,0,3,311,2,11,NULL),
(202,2,0,4,312,2,11,NULL),
(203,2,1,1,313,2,11,NULL),
(204,2,1,2,314,5,11,NULL),
(205,2,1,3,315,4,11,NULL),
(206,2,0,4,316,7,11,NULL),
(207,2,0,1,317,9,11,NULL),
(208,2,0,2,318,2,11,NULL),
(209,2,1,3,319,3,11,NULL),
(210,2,1,4,320,4,11,NULL),
(301,3,1,1,321,6,11,NULL),
(302,3,0,2,322,12,11,NULL),
(303,3,0,3,323,11,11,NULL),
(304,3,0,4,324,10,11,NULL),
(305,3,1,1,325,4,11,NULL),
(306,3,1,2,326,3,11,NULL),
(307,3,1,3,327,8,11,NULL),
(308,3,0,4,328,9,11,NULL),
(309,3,0,1,329,5,11,NULL),
(310,3,0,2,330,6,11,NULL),
(101,1,1,1,331,1,12,NULL),
(102,1,1,2,332,2,12,NULL),
(103,1,1,3,333,2,12,NULL),
(104,1,0,4,334,4,12,NULL),
(105,1,0,1,335,2,12,NULL),
(106,1,0,2,336,4,12,NULL),
(107,1,1,3,337,6,12,NULL),
(108,1,1,4,338,3,12,NULL),
(109,1,1,1,339,7,12,NULL),
(110,1,0,2,340,1,12,NULL),
(201,2,0,3,341,2,12,NULL),
(202,2,0,4,342,2,12,NULL),
(203,2,1,1,343,2,12,NULL),
(204,2,1,2,344,5,12,NULL),
(205,2,1,3,345,4,12,NULL),
(206,2,0,4,346,7,12,NULL),
(207,2,0,1,347,9,12,NULL),
(208,2,0,2,348,2,12,NULL),
(209,2,1,3,349,3,12,NULL),
(210,2,1,4,350,4,12,NULL),
(301,3,1,1,351,6,12,NULL),
(302,3,0,2,352,12,12,NULL),
(303,3,0,3,353,11,12,NULL),
(304,3,0,4,354,10,12,NULL),
(305,3,1,1,355,4,12,NULL),
(306,3,1,2,356,3,12,NULL),
(307,3,1,3,357,8,12,NULL),
(308,3,0,4,358,9,12,NULL),
(309,3,0,1,359,5,12,NULL),
(310,3,0,2,360,6,12,NULL),
(101,1,1,1,361,1,13,NULL),
(102,1,1,2,362,2,13,NULL),
(103,1,1,3,363,2,13,NULL),
(104,1,0,4,364,4,13,NULL),
(105,1,0,1,365,2,13,NULL),
(106,1,0,2,366,4,13,NULL),
(107,1,1,3,367,6,13,NULL),
(108,1,1,4,368,3,13,NULL),
(109,1,1,1,369,7,13,NULL),
(110,1,0,2,370,1,13,NULL),
(201,2,0,3,371,2,13,NULL),
(202,2,0,4,372,2,13,NULL),
(203,2,1,1,373,2,13,NULL),
(204,2,1,2,374,5,13,NULL),
(205,2,1,3,375,4,13,NULL),
(206,2,0,4,376,7,13,NULL),
(207,2,0,1,377,9,13,NULL),
(208,2,0,2,378,2,13,NULL),
(209,2,1,3,379,3,13,NULL),
(210,2,1,4,380,4,13,NULL),
(301,3,1,1,381,6,13,NULL),
(302,3,0,2,382,12,13,NULL),
(303,3,0,3,383,11,13,NULL),
(304,3,0,4,384,10,13,NULL),
(305,3,1,1,385,4,13,NULL),
(306,3,1,2,386,3,13,NULL),
(307,3,1,3,387,8,13,NULL),
(308,3,0,4,388,9,13,NULL),
(309,3,0,1,389,5,13,NULL),
(310,3,0,2,390,6,13,NULL),
(101,1,1,1,391,1,14,NULL),
(102,1,1,2,392,2,14,NULL),
(103,1,1,3,393,2,14,NULL),
(104,1,0,4,394,4,14,NULL),
(105,1,0,1,395,2,14,NULL),
(106,1,0,2,396,4,14,NULL),
(107,1,1,3,397,6,14,NULL),
(108,1,1,4,398,3,14,NULL),
(109,1,1,1,399,7,14,NULL),
(110,1,0,2,400,1,14,NULL);
INSERT INTO ROOM (ROOMNO,FLOOR,BALCONY,HEADING,ID,CATEGORY_ID,HOTEL_ID,LOCK_FLAG) VALUES 
(201,2,0,3,401,2,14,NULL),
(202,2,0,4,402,2,14,NULL),
(203,2,1,1,403,2,14,NULL),
(204,2,1,2,404,5,14,NULL),
(205,2,1,3,405,4,14,NULL),
(206,2,0,4,406,7,14,NULL),
(207,2,0,1,407,9,14,NULL),
(208,2,0,2,408,2,14,NULL),
(209,2,1,3,409,3,14,NULL),
(210,2,1,4,410,4,14,NULL),
(301,3,1,1,411,6,14,NULL),
(302,3,0,2,412,12,14,NULL),
(303,3,0,3,413,11,14,NULL),
(304,3,0,4,414,10,14,NULL),
(305,3,1,1,415,4,14,NULL),
(306,3,1,2,416,3,14,NULL),
(307,3,1,3,417,8,14,NULL),
(308,3,0,4,418,9,14,NULL),
(309,3,0,1,419,5,14,NULL),
(310,3,0,2,420,6,14,NULL),
(101,1,1,1,421,1,15,NULL),
(102,1,1,2,422,2,15,NULL),
(103,1,1,3,423,2,15,NULL),
(104,1,0,4,424,4,15,NULL),
(105,1,0,1,425,2,15,NULL),
(106,1,0,2,426,4,15,NULL),
(107,1,1,3,427,6,15,NULL),
(108,1,1,4,428,3,15,NULL),
(109,1,1,1,429,7,15,NULL),
(110,1,0,2,430,1,15,NULL),
(201,2,0,3,431,2,15,NULL),
(202,2,0,4,432,2,15,NULL),
(203,2,1,1,433,2,15,NULL),
(204,2,1,2,434,5,15,NULL),
(205,2,1,3,435,4,15,NULL),
(206,2,0,4,436,7,15,NULL),
(207,2,0,1,437,9,15,NULL),
(208,2,0,2,438,2,15,NULL),
(209,2,1,3,439,3,15,NULL),
(210,2,1,4,440,4,15,NULL),
(301,3,1,1,441,6,15,NULL),
(302,3,0,2,442,12,15,NULL),
(303,3,0,3,443,11,15,NULL),
(304,3,0,4,444,10,15,NULL),
(305,3,1,1,445,4,15,NULL),
(306,3,1,2,446,3,15,NULL),
(307,3,1,3,447,8,15,NULL),
(308,3,0,4,448,9,15,NULL),
(309,3,0,1,449,5,15,NULL),
(310,3,0,2,450,6,15,NULL);

INSERT INTO ROOMCATEGORY (BEDTYPE,GUESTS,ID,INITIALPRICE,MAXDISCOUNT,ROOMQUALITY,LOCK_FLAG) VALUES 
(1,1,1,599.99,0,1,NULL),
(2,2,2,779.99,10,2,NULL),
(2,2,3,579.99,0,1,NULL),
(3,2,4,499.99,15,2,NULL),
(4,2,5,5200.00,28,3,NULL),
(3,4,6,680.00,1,1,NULL),
(3,4,7,1780.00,9,2,NULL),
(4,3,8,2690.00,34,3,NULL),
(3,4,9,2700.00,16,3,NULL),
(4,2,10,3416.00,7,3,NULL),
(1,1,11,999.99,12,2,NULL),
(5,2,12,10200.00,72,3,NULL);
